{"options":{},"indexes":[{"v":2,"key":{"_id":1},"name":"_id_","ns":"SCBDMT_ATHENA.DataProcessingRule"},{"v":2,"key":{"updt_dt":-1},"name":"updt_dt_-1","ns":"SCBDMT_ATHENA.DataProcessingRule","background":true},{"v":2,"key":{"sources.sourcecountryname":1},"name":"sourcecountryname_1","ns":"SCBDMT_ATHENA.DataProcessingRule","background":true},{"v":2,"key":{"sources.sourcesystemname":1},"name":"sourcesystemname_1","ns":"SCBDMT_ATHENA.DataProcessingRule","background":true},{"v":2,"key":{"sources.sourceobjectphysicalname":1},"name":"sourceobjectphysicalname_1","ns":"SCBDMT_ATHENA.DataProcessingRule","background":true},{"v":2,"key":{"sources.sourceattrphysicalname":1},"name":"sourceattrphysicalname_1","ns":"SCBDMT_ATHENA.DataProcessingRule","background":true},{"v":2,"key":{"sources.sourcedbname":1},"name":"sourcedbname_1","ns":"SCBDMT_ATHENA.DataProcessingRule","background":true},{"v":2,"key":{"processtype":1},"name":"processtype_1","ns":"SCBDMT_ATHENA.DataProcessingRule","background":true},{"v":2,"key":{"standarizedmapnote":1},"name":"standarizedmapnote_1","ns":"SCBDMT_ATHENA.DataProcessingRule","background":true},{"v":2,"key":{"remarkmaker":1},"name":"remarkmaker_1","ns":"SCBDMT_ATHENA.DataProcessingRule","background":true},{"v":2,"key":{"remark":1},"name":"remark_1","background":true,"ns":"SCBDMT_ATHENA.DataProcessingRule"},{"v":2,"key":{"isactive":1},"name":"isactive_1","ns":"SCBDMT_ATHENA.DataProcessingRule","background":true},{"v":2,"key":{"updt_by":1},"name":"updt_by_1","ns":"SCBDMT_ATHENA.DataProcessingRule","background":true}]}