{"options":{},"indexes":[{"v":2,"key":{"_id":1},"name":"_id_","ns":"SCBDMT_ATHENA.GenericMaster"},{"v":2,"unique":true,"key":{"value":1,"type":1},"name":"uq_ci_value_type","ns":"SCBDMT_ATHENA.GenericMaster","collation":{"locale":"en","caseLevel":false,"caseFirst":"off","strength":2,"numericOrdering":false,"alternate":"non-ignorable","maxVariable":"punct","normalization":false,"backwards":false,"version":"57.1"}},{"v":2,"key":{"updt_dt":-1},"name":"updt_dt_-1","background":true,"ns":"SCBDMT_ATHENA.GenericMaster"}]}